-- phpMyAdmin SQL Dump
-- version 5.2.1
-- https://www.phpmyadmin.net/
--
-- Host: 127.0.0.1
-- Generation Time: Dec 19, 2023 at 01:09 PM
-- Server version: 10.4.28-MariaDB
-- PHP Version: 8.2.4

SET SQL_MODE = "NO_AUTO_VALUE_ON_ZERO";
START TRANSACTION;
SET time_zone = "+00:00";


/*!40101 SET @OLD_CHARACTER_SET_CLIENT=@@CHARACTER_SET_CLIENT */;
/*!40101 SET @OLD_CHARACTER_SET_RESULTS=@@CHARACTER_SET_RESULTS */;
/*!40101 SET @OLD_COLLATION_CONNECTION=@@COLLATION_CONNECTION */;
/*!40101 SET NAMES utf8mb4 */;

--
-- Database: `libsystem`
--

-- --------------------------------------------------------

--
-- Table structure for table `admin`
--

CREATE TABLE `admin` (
  `id` int(11) NOT NULL,
  `username` varchar(30) NOT NULL,
  `password` varchar(60) NOT NULL,
  `firstname` varchar(30) NOT NULL,
  `lastname` varchar(30) NOT NULL,
  `photo` varchar(200) NOT NULL,
  `created_on` date NOT NULL
) ENGINE=InnoDB DEFAULT CHARSET=latin1 COLLATE=latin1_swedish_ci;

--
-- Dumping data for table `admin`
--

INSERT INTO `admin` (`id`, `username`, `password`, `firstname`, `lastname`, `photo`, `created_on`) VALUES
(1, 'jblacer', '$2y$10$yaYLoGzrIMu7tEqeGlIr/ulAmdFDxaiDz0Spkq4.xhNhueTE2ozze', 'Jen', 'Blacer', '298221602_5736731859712784_3274293186397049570_n.jpg', '2023-12-19');

-- --------------------------------------------------------

--
-- Table structure for table `books`
--

CREATE TABLE `books` (
  `id` int(11) NOT NULL,
  `isbn` varchar(20) NOT NULL,
  `category_id` int(11) NOT NULL,
  `title` text NOT NULL,
  `author` varchar(150) NOT NULL,
  `publisher` varchar(150) NOT NULL,
  `publish_date` date NOT NULL,
  `status` int(1) NOT NULL
) ENGINE=InnoDB DEFAULT CHARSET=latin1 COLLATE=latin1_swedish_ci;

--
-- Dumping data for table `books`
--

INSERT INTO `books` (`id`, `isbn`, `category_id`, `title`, `author`, `publisher`, `publish_date`, `status`) VALUES
(13, '1234567899', 3, 'How to Code PHP', 'Hannah Belle', 'CodeWithMe', '2020-11-06', 0),
(14, '1234567898', 4, 'What Happened to Rizal', 'Bello Bello', 'MakeMe', '2011-07-20', 0),
(15, '1234567897', 5, 'In The Name of Books', 'Bing Ante', 'Bingo', '2021-09-04', 0),
(16, '1234567866', 2, 'How To Math', 'Diego Salazar', 'Martins', '2000-12-25', 1),
(17, '1234567855', 1, 'Building and Destroying Bridges 101', 'Al Mabelin', 'PogiBoyz', '2012-12-21', 0);

-- --------------------------------------------------------

--
-- Table structure for table `borrow`
--

CREATE TABLE `borrow` (
  `id` int(11) NOT NULL,
  `student_id` int(11) NOT NULL,
  `book_id` int(11) NOT NULL,
  `date_borrow` date NOT NULL,
  `status` int(1) NOT NULL
) ENGINE=InnoDB DEFAULT CHARSET=latin1 COLLATE=latin1_swedish_ci;

--
-- Dumping data for table `borrow`
--

INSERT INTO `borrow` (`id`, `student_id`, `book_id`, `date_borrow`, `status`) VALUES
(15, 3, 1, '2018-05-04', 1),
(16, 3, 2, '2018-05-04', 1),
(17, 3, 1, '2018-05-04', 0),
(18, 3, 2, '2018-05-04', 1),
(19, 4, 2, '2023-12-19', 0),
(20, 4, 16, '2023-12-19', 0);

-- --------------------------------------------------------

--
-- Table structure for table `category`
--

CREATE TABLE `category` (
  `id` int(11) NOT NULL,
  `name` varchar(100) NOT NULL
) ENGINE=InnoDB DEFAULT CHARSET=latin1 COLLATE=latin1_swedish_ci;

--
-- Dumping data for table `category`
--

INSERT INTO `category` (`id`, `name`) VALUES
(1, 'Engineering'),
(2, 'Mathematics'),
(3, 'Science and Technology'),
(4, 'History'),
(5, 'Library Science');

-- --------------------------------------------------------

--
-- Table structure for table `course`
--

CREATE TABLE `course` (
  `id` int(11) NOT NULL,
  `title` text NOT NULL,
  `code` varchar(15) NOT NULL
) ENGINE=InnoDB DEFAULT CHARSET=latin1 COLLATE=latin1_swedish_ci;

--
-- Dumping data for table `course`
--

INSERT INTO `course` (`id`, `title`, `code`) VALUES
(1, 'Bachelor of Science in Information Technology', 'BSIT'),
(2, 'Bachelor of Science in Computer Science', 'BSCS'),
(3, 'Bachelor of Library Science', 'BLS'),
(4, 'Bachelor of Science in Civil Engineering', 'BSCE'),
(5, 'Bachelor of Science in Electrical Engineering', 'BSEE');

-- --------------------------------------------------------

--
-- Table structure for table `returns`
--

CREATE TABLE `returns` (
  `id` int(11) NOT NULL,
  `student_id` int(11) NOT NULL,
  `book_id` int(11) NOT NULL,
  `date_return` date NOT NULL
) ENGINE=InnoDB DEFAULT CHARSET=latin1 COLLATE=latin1_swedish_ci;

--
-- Dumping data for table `returns`
--

INSERT INTO `returns` (`id`, `student_id`, `book_id`, `date_return`) VALUES
(1, 3, 2, '2018-05-04'),
(2, 3, 1, '2018-05-04'),
(3, 3, 2, '2018-05-04'),
(4, 3, 2, '2018-05-04');

-- --------------------------------------------------------

--
-- Table structure for table `students`
--

CREATE TABLE `students` (
  `id` int(11) NOT NULL,
  `student_id` varchar(15) NOT NULL,
  `firstname` varchar(50) NOT NULL,
  `lastname` varchar(50) NOT NULL,
  `photo` varchar(200) NOT NULL,
  `course_id` int(11) NOT NULL,
  `created_on` date NOT NULL
) ENGINE=InnoDB DEFAULT CHARSET=latin1 COLLATE=latin1_swedish_ci;

--
-- Dumping data for table `students`
--

INSERT INTO `students` (`id`, `student_id`, `firstname`, `lastname`, `photo`, `course_id`, `created_on`) VALUES
(3, 'IMU702639514', 'Martin', 'Martinez', 'facebook-profile-image.jpeg', 4, '2018-05-04'),
(4, 'TBD917438625', 'Shai', 'Pams', '2023121912400607101000 ID Photo 2022-2023.jpg', 3, '2018-05-04'),
(5, 'NWA572813694', 'George', 'Floyd', 'Banana Duck.jpg', 2, '2023-12-19'),
(6, 'PRH975431206', 'Carmelita', 'Nieto', '4.png', 3, '2023-12-19'),
(7, 'ZRA841576390', 'Adrian Boss Boi', 'Orenz', '2.png', 1, '2023-12-19'),
(8, 'FUP702396581', 'Jenevie Omelette', 'Bolanos', 'duck wallpaper.jpg', 4, '2023-12-19');

--
-- Indexes for dumped tables
--

--
-- Indexes for table `admin`
--
ALTER TABLE `admin`
  ADD PRIMARY KEY (`id`);

--
-- Indexes for table `books`
--
ALTER TABLE `books`
  ADD PRIMARY KEY (`id`);

--
-- Indexes for table `borrow`
--
ALTER TABLE `borrow`
  ADD PRIMARY KEY (`id`);

--
-- Indexes for table `category`
--
ALTER TABLE `category`
  ADD PRIMARY KEY (`id`);

--
-- Indexes for table `course`
--
ALTER TABLE `course`
  ADD PRIMARY KEY (`id`);

--
-- Indexes for table `returns`
--
ALTER TABLE `returns`
  ADD PRIMARY KEY (`id`);

--
-- Indexes for table `students`
--
ALTER TABLE `students`
  ADD PRIMARY KEY (`id`);

--
-- AUTO_INCREMENT for dumped tables
--

--
-- AUTO_INCREMENT for table `admin`
--
ALTER TABLE `admin`
  MODIFY `id` int(11) NOT NULL AUTO_INCREMENT, AUTO_INCREMENT=2;

--
-- AUTO_INCREMENT for table `books`
--
ALTER TABLE `books`
  MODIFY `id` int(11) NOT NULL AUTO_INCREMENT, AUTO_INCREMENT=18;

--
-- AUTO_INCREMENT for table `borrow`
--
ALTER TABLE `borrow`
  MODIFY `id` int(11) NOT NULL AUTO_INCREMENT, AUTO_INCREMENT=21;

--
-- AUTO_INCREMENT for table `category`
--
ALTER TABLE `category`
  MODIFY `id` int(11) NOT NULL AUTO_INCREMENT, AUTO_INCREMENT=6;

--
-- AUTO_INCREMENT for table `course`
--
ALTER TABLE `course`
  MODIFY `id` int(11) NOT NULL AUTO_INCREMENT, AUTO_INCREMENT=6;

--
-- AUTO_INCREMENT for table `returns`
--
ALTER TABLE `returns`
  MODIFY `id` int(11) NOT NULL AUTO_INCREMENT, AUTO_INCREMENT=5;

--
-- AUTO_INCREMENT for table `students`
--
ALTER TABLE `students`
  MODIFY `id` int(11) NOT NULL AUTO_INCREMENT, AUTO_INCREMENT=9;
COMMIT;

/*!40101 SET CHARACTER_SET_CLIENT=@OLD_CHARACTER_SET_CLIENT */;
/*!40101 SET CHARACTER_SET_RESULTS=@OLD_CHARACTER_SET_RESULTS */;
/*!40101 SET COLLATION_CONNECTION=@OLD_COLLATION_CONNECTION */;
